{ "arm_L": { "armLy_shoulder_L": [3.0, 27.0, 0.0], "armLy_elbow_L": [7.265268098728318, 24.992919815082052, -1.6764163403611354],  "armLy_wrist_L": [11.743699407390618, 22.8855327690456765, -0.7749036997994799], "armLy_endWrist_L" : [12.584951697415578, 22.489670009016745, -0.6055587838928712]},"arm_R" : {"armLy_shoulder_R": [-3.0, 27.0, 0.0], "armLy_elbow_R": [-7.265268098728318, 24.992919815082052, -1.6764163403611354],  "armLy_wrist_R": [-11.743699407390618, 22.8855327690456765, -0.7749036997994799], "armLy_endWrist_R" : [-12.584951697415578, 22.489670009016745, -0.6055587838928712]}, "leg_L": {"legLy_femur_L": [3.000000000000001, 15.000000000000004, 0.5], "legLy_knee_L": [3.000000000000001, 8.000000000000002, 1.0000000000000009], "legLy_ankle_L": [3.000000000000001, 2.000000000000001, 2.220446049250313e-16], "legLy_ankleEnd_L": [3.000000000000001, 1.000000000000001, 2.220446049250313e-16]}, "leg_R": {"legLy_femur_R": [-3.000000000000001, 15.000000000000004, 0.5], "legLy_knee_R": [-3.000000000000001, 8.000000000000002, 1.0000000000000009], "legLy_ankle_R": [-3.000000000000001, 2.000000000000001, 2.220446049250313e-16], "legLy_ankleEnd_R": [-3.000000000000001, 1.000000000000001, 2.220446049250313e-16]}}