{"legLy_knee_L": [3.000000000000001, 8.000000000000002, 1.0000000000000009], "legLy_phemur_L": [3.000000000000001, 15.000000000000004, 0.0], "legLy_ankle_L": [3.000000000000001, 2.000000000000001, 2.220446049250313e-16]}